username,text,timestamp
@TheNewsCrypto,#BabyDoge buzzed #Twitter with the announcement of a new listing The 3rd largest #memecoin soared over 50% in a week #TheNewsCrypto#CryptoNews @BabyDogeCoin,15m
@BSCNews,@BNBCHAIN is launching a new 'BNB Greenfield Content Contest' - discover what this means for the industry and how you can join in on the fun! #BNBChain #Contest#Cryptocurrency $BNB,30m
@TheNewsCrypto,"Bo Shen’s Stolen Crypto Assets, Still Under Investigation by Authorities #BoShen #cryptocurrency#CryptoTY #USDC #Crypto",1h
@TheCryptopatel,"$LTC LTC's On Balance Volume Chart: Big-Time Buying Pressure Despite Price Decline - A Promising Future? it can be difficult to discern which assets have the potential for growth and which do not. However, upon closer examination of LTC, it appears that this digital asset may have a promising future. Despite a price decline over the last two years, the On Balance Volume chart",1h
@CoinMarketCap,"#CryptoNews: Decentralized finance (#DeFi) projects could be subject to licensing requirements and regulation, according to a Hong Kong regulator.",1h
@ApolloX,"Don't get caught out - forex market does not open 24/7! Make sure to check timings &amp; holiday closures (Dec 25-27, Jan 1-2) for successful trading Trade Now:",1h
@TheCryptopatel,$BTC Now in profit… ️ ️ ️ #shapella #ethereum #bitcoin $DOGE $LTC,1h
@TheCryptopatel,"$BTC Attention all crypto investors The US government's Bitcoin sell-off may cause additional selling pressure on Bitcoin. It is crucial to take note of the four crucial dates, which are: 26 May 2023 7 August 2023 19 October 2023",1h
@BSCNews,The @Aptos_Network launches a $20M grant program to foster #Web3 creativity! Discover how you can get involved and meet the future of creativity here: $APT#Crypto#Web3#NFT #ArtistGrants,2h
@CryptoMiners,Thanks!,2h
@CoinMarketCap,Here's your Monday #crypto glimpse $BTC currently still at $30K! $ETH currently above 2K! Will this change this week?,2h
@BSCNews,Need some $CORE for initial swaps on the network? No worries. @Coredao_Org has recently introduced #CORE Faucets. Learn how to get them in this article. #Corechain #CoreNetwork,3h
@BSCNews,Heard about soulbound #NFTs but don’t know what they are? Learn about this interesting #Web3 concept in this article. #crypto #Cryptocurrencies,4h
@CoinMarketCap,Get #CMC on your phone lock-screen to get the latest updates of your trending #tokens! Here's how,4h
@BSCNews,What does it take for a DeFi protocol to lead the TVL chart? Find out how @ThalaLabs has made it to the top and what it means for the #DeFi industry! Read more: $MOD $APT#Crypto,4h
@Cryptologist2020,"$BTC 31,500 soon ️",4h
@satoshi_son,$BTC Satoshi_Son_Alerts #BITCOIN BULL RUN BEGINS. ️Bear market is over. ️- TAnalyst,4h
@BSCNews,@PiCoreTeam announced the winners of the 2023 Q1 #PiHackathon! The #hackathon brought together developers and non-developers to create utilities with the $Pi currency in the enclosed mainnet period. Read on: #PiNetwork #PiCoreTeam,6h
@BSCNews,Check out how @RDNTCapital is shaking things up in the DeFi world of @BNBCHAIN and @arbitrum ️ Learn more here: #CryptoNews#Cryptocurrency #DeFi,6h
@CoinMarketCap,#Cryptocurrency!,7h
@Cryptologist2020,$BTC is Freedom ️,7h
@BSCNews,@SeiNetwork just secured 30 million in funding from leading investors - but what does this mean for the industry? Find out in our article below! #funding#investment #Crypto,8h
@cryptoafricanow,$ETH Ethereum is currently trading on Binance for $2125. What is Ethereum's anticipated price for the future week? $BTC $ETH @EthereumPoW @ETHF @Crypto_AI @cryptofreed0m #priceprediction,8h
@CryptoGlobe,Cardano Surges Ahead: Celebrating Over 124 Projects and 64.6 Million Transactions #Cardano#ADA #$ADA#IOG#IOHK #blockchain,8h
@BSCNews,Big news from @chainlink as @CeloOrg is joining the SCALE program! Get all the info on the smart contract oracle network in our Weekly Roundup @BlueKrakenOn @alongsidefi,8h
@CoinMarketCap,"Did you know that #CoinMarketCap listings are free? Well, they are! Listings are always free. Be aware of impersonators and scammers reaching out to you asking for fees! Always double-check with the official #CMC accounts! Details",9h
@U_Today,"$XRP Is Not Essential for #Ripple and This Is Great: Top Lawyer Assures Bill Morgan, a lawyer and cryptocurrency enthusiast, has shared his thoughts on the recent launch of Ripple Liquidity Hub, a cryptocurrency liquidity platform for enterprises. Notably, at the product presentation, Ripple did not mention #XRP, which caused surprise and criticism from the community.",9h
@BSCNews,"@Digitoadsworld, an emerging meme project with deflationary mechanisms and a focus on P2E gaming, is joining the list of top #altcoins with potential for significant growth in 2023! Details here #BSCNews#Sponsored #Cryptocurrency #Web3",9h
@Cryptologist2020,$ETH great,10h
@BSCNews,"Exciting news for writers, developers, and cloud architects with expertise in decentralized storage and data ownership! @BNBCHAIN has launched the BNB Greenfield Content Contest. #DecentralizedStorage#BNBGreenfield#Contest $BNB",10h
@BSCNews,Big news from @StargateFinance - the protocol has crossed $1B in monthly volume for the first time! Discover what the protocol has been up to in recent times: $STG#Crypto,11h
@CoinMarketCap,I love &amp; hate #crypto because ___________,11h
@BSCNews,The @Aptos_Network Foundation is empowering creatives with $20 million in grants to shape the values and diversity of the #Web3-powered community. Be a part of the next-gen of #Blockchain innovation! Here are all the details you need: #CryptoNews $APT,11h
@TheCryptopatel,$LTC #Litecoin now Trading around And Our entry was 96 Hope you enjoying the trade. Happy Trading. Follow us for more Quality Analysis. #Shapella #Ethereum,11h
@BSCNews,"@ThalaLabs dethrones PancakeSwap as the top protocol on Aptos, with a whopping $25.3 million #TVL within just one week of launching its Mainnet! Find out what the protocol is up to: $MOD $APT#Crypto",11h
@TheCryptopatel,"What occurs in derivatives: Observing the Open Interest, a significant increase coincides with a rise in price. For example, after a price rise, the Open Interest rose from 7.9 billion to 9.7 billion, representing a total increase of 1.8 billion. The majority of this increase was concentrated in long positions, starting from a price of 28,400.The Open Interest subsequently entered a range of moderate variation, which reduced the actual disposal probability from 9.7 billion to 8.8 billion, resulting from liquidations and profit gains.",11h
@BlockchainReporter,This week can easily be dedicated to Ethereum as it remained the hot topic. It saw a bullish movement in altcoins with some coin burn reports. $ETH $XRP $SHIB $BNB #Binance #Ethereum #FTX #Ripple #ShibaInu,12h
@BSCNews,"UPDATE: @Transak announces support for #PolygonzkEVM, allowing users to directly purchase $ETH with fiat on Polygon zkEVM! #Crypto",12h
@BSCNews,"Check out the #BSCNews Airdrops and Raffles page! Are you feeling lucky today? Test your luck, and take a look at our #Airdrop page",12h
@Cryptologist2020,$TTN Just be careful about these whallets 4 first one and I can't find clear data,12h
@BSCNews,"By being the first protocol to aggregate @PancakeSwap V3 pools, @GrizzlyFi is offering over 10% yield on blue-chip stablecoin pairs! Details in this article #BSCNews#Sponsored #Cryptocurrency #DeFi",13h
@TheCryptopatel,"$BTC BTC/USDT Bearish Divergence Analysis BTC is currently trading at 30394, and there are indications of a potential downside move in the near future. A bearish flag pattern is forming on the 2-hour timeframe, indicating further decline if the price breaks below $30250 support.",13h
@BSCNews,"Check out @BabyDogeCoin's latest announcement! Get ready for a Top 5 Exchange Listing, coming soon! Read more $BabyDoge#crypto",13h
@CoinMarketCap,It's the small things that count! #themcryptofeels,13h
@BSCNews,The official winners of the #PiHackathon 2023 are here! Find out the nine winners selected by the @PiCoreTeam and #Pioneers reviews based on real-world utility ! #PiNetwork #PiCoreTeam $PI,13h
@TheCryptopatel,"When nocoiners ask where is the money for Bitcoin going to come from, show them this chart $BTC $ETH #Shanghai #Ethereum #Hongkong $DOGE",13h
@BitcoinBazis,Wen 100k? Shill your gems below ️ $BTC $RXD $KAS $INJ $NEAR $WOO $FET $LRC $XLM $ARB #crypto,14h
@BSCNews,Busy all week? It’s time for another recap of the exciting events in the world of #DeFi from the past week. Check out our exclusive weekly recap to stay updated with all the details! ️ #BSCNews#CryptoNews#Cryptocurrency #DeFi,14h
@BlockchainReporter,"At present, Coinbase Stock is trading up to $69.89. This shows a significant decline from the IPO at nearly $381. Technical analysis is inside. $COIN #Coinbase #Market #Stocks #IPO #Trading",14h
@BSCNews,"Check out the biggest security breaches of the week , as outlined by @d3ploy_, a leading #Web3 security team dedicated to enhancing the safety of the industry. Get the details #crypto #CryptoNews #Cryptocurrencies",15h
